model,dataset,ds_type,filename,input_size,true_labels,predicted_labels
vgg16baseline,SHHA,test,['/mnt/bigdrive/datasets/crowd-counting/C3Data/test_data//img/70.jpg'],448,103.09052734375,130.7652734375
vgg16baseline,SHHA,test,['/mnt/bigdrive/datasets/crowd-counting/C3Data/test_data//img/50.jpg'],448,336.2619921875,171.2698046875
vgg16baseline,SHHA,test,['/mnt/bigdrive/datasets/crowd-counting/C3Data/test_data//img/66.jpg'],448,104.114443359375,187.71673828125
vgg16baseline,SHHA,test,['/mnt/bigdrive/datasets/crowd-counting/C3Data/test_data//img/118.jpg'],448,84.77005859375,103.248984375
vgg16baseline,SHHA,test,['/mnt/bigdrive/datasets/crowd-counting/C3Data/test_data//img/164.jpg'],448,131.23806640625,212.64111328125
vgg16baseline,SHHA,test,['/mnt/bigdrive/datasets/crowd-counting/C3Data/test_data//img/20.jpg'],448,143.272421875,184.09015625
vgg16baseline,SHHA,test,['/mnt/bigdrive/datasets/crowd-counting/C3Data/test_data//img/22.jpg'],448,111.22400390625,160.55078125
vgg16baseline,SHHA,test,['/mnt/bigdrive/datasets/crowd-counting/C3Data/test_data//img/96.jpg'],448,68.6820556640625,86.909609375
vgg16baseline,SHHA,test,['/mnt/bigdrive/datasets/crowd-counting/C3Data/test_data//img/45.jpg'],448,30.85541748046875,63.5158349609375
vgg16baseline,SHHA,test,['/mnt/bigdrive/datasets/crowd-counting/C3Data/test_data//img/34.jpg'],448,23.05034912109375,25.3925634765625
vgg16baseline,SHHA,test,['/mnt/bigdrive/datasets/crowd-counting/C3Data/test_data//img/4.jpg'],448,51.945283203125,74.6665478515625
vgg16baseline,SHHA,test,['/mnt/bigdrive/datasets/crowd-counting/C3Data/test_data//img/111.jpg'],448,148.354931640625,199.15134765625
vgg16baseline,SHHA,test,['/mnt/bigdrive/datasets/crowd-counting/C3Data/test_data//img/153.jpg'],448,155.160556640625,154.223564453125
vgg16baseline,SHHA,test,['/mnt/bigdrive/datasets/crowd-counting/C3Data/test_data//img/84.jpg'],448,34.19317138671875,76.7390380859375
vgg16baseline,SHHA,test,['/mnt/bigdrive/datasets/crowd-counting/C3Data/test_data//img/60.jpg'],448,165.3301953125,285.881015625
vgg16baseline,SHHA,test,['/mnt/bigdrive/datasets/crowd-counting/C3Data/test_data//img/182.jpg'],448,110.43130859375,158.041669921875
vgg16baseline,SHHA,test,['/mnt/bigdrive/datasets/crowd-counting/C3Data/test_data//img/149.jpg'],448,56.4755810546875,51.7696142578125
vgg16baseline,SHHA,test,['/mnt/bigdrive/datasets/crowd-counting/C3Data/test_data//img/162.jpg'],448,46.6588671875,84.00119140625
vgg16baseline,SHHA,test,['/mnt/bigdrive/datasets/crowd-counting/C3Data/test_data//img/95.jpg'],448,41.5092041015625,36.49402099609375
vgg16baseline,SHHA,test,['/mnt/bigdrive/datasets/crowd-counting/C3Data/test_data//img/177.jpg'],448,193.912578125,253.182890625
vgg16baseline,SHHA,test,['/mnt/bigdrive/datasets/crowd-counting/C3Data/test_data//img/55.jpg'],448,45.211796875,63.814248046875
vgg16baseline,SHHA,test,['/mnt/bigdrive/datasets/crowd-counting/C3Data/test_data//img/71.jpg'],448,235.45755859375,198.77201171875
vgg16baseline,SHHA,test,['/mnt/bigdrive/datasets/crowd-counting/C3Data/test_data//img/28.jpg'],448,279.652421875,354.4280078125
vgg16baseline,SHHA,test,['/mnt/bigdrive/datasets/crowd-counting/C3Data/test_data//img/135.jpg'],448,27.899287109375,30.385966796875
vgg16baseline,SHHA,test,['/mnt/bigdrive/datasets/crowd-counting/C3Data/test_data//img/26.jpg'],448,166.790859375,161.972626953125
vgg16baseline,SHHA,test,['/mnt/bigdrive/datasets/crowd-counting/C3Data/test_data//img/124.jpg'],448,61.180478515625,51.785478515625
vgg16baseline,SHHA,test,['/mnt/bigdrive/datasets/crowd-counting/C3Data/test_data//img/31.jpg'],448,83.697412109375,100.46171875
vgg16baseline,SHHA,test,['/mnt/bigdrive/datasets/crowd-counting/C3Data/test_data//img/171.jpg'],448,63.841376953125,109.42025390625
vgg16baseline,SHHA,test,['/mnt/bigdrive/datasets/crowd-counting/C3Data/test_data//img/54.jpg'],448,236.05919921875,340.002421875
vgg16baseline,SHHA,test,['/mnt/bigdrive/datasets/crowd-counting/C3Data/test_data//img/157.jpg'],448,184.3646875,341.172421875
vgg16baseline,SHHA,test,['/mnt/bigdrive/datasets/crowd-counting/C3Data/test_data//img/88.jpg'],448,38.78783203125,68.4223779296875
vgg16baseline,SHHA,test,['/mnt/bigdrive/datasets/crowd-counting/C3Data/test_data//img/11.jpg'],448,406.5530078125,355.8761328125
vgg16baseline,SHHA,test,['/mnt/bigdrive/datasets/crowd-counting/C3Data/test_data//img/112.jpg'],448,110.0091796875,187.1051953125
vgg16baseline,SHHA,test,['/mnt/bigdrive/datasets/crowd-counting/C3Data/test_data//img/129.jpg'],448,57.924052734375,52.6892041015625
vgg16baseline,SHHA,test,['/mnt/bigdrive/datasets/crowd-counting/C3Data/test_data//img/39.jpg'],448,53.1287353515625,67.2798193359375
vgg16baseline,SHHA,test,['/mnt/bigdrive/datasets/crowd-counting/C3Data/test_data//img/82.jpg'],448,74.1951953125,108.787138671875
vgg16baseline,SHHA,test,['/mnt/bigdrive/datasets/crowd-counting/C3Data/test_data//img/46.jpg'],448,204.27119140625,227.096015625
vgg16baseline,SHHA,test,['/mnt/bigdrive/datasets/crowd-counting/C3Data/test_data//img/175.jpg'],448,225.69404296875,402.9941015625
vgg16baseline,SHHA,test,['/mnt/bigdrive/datasets/crowd-counting/C3Data/test_data//img/136.jpg'],448,42.2692041015625,58.4256005859375
vgg16baseline,SHHA,test,['/mnt/bigdrive/datasets/crowd-counting/C3Data/test_data//img/75.jpg'],448,285.6951953125,311.77552734375
vgg16baseline,SHHA,test,['/mnt/bigdrive/datasets/crowd-counting/C3Data/test_data//img/64.jpg'],448,143.390693359375,184.9205859375
vgg16baseline,SHHA,test,['/mnt/bigdrive/datasets/crowd-counting/C3Data/test_data//img/99.jpg'],448,95.94673828125,83.5731640625
vgg16baseline,SHHA,test,['/mnt/bigdrive/datasets/crowd-counting/C3Data/test_data//img/103.jpg'],448,195.8784375,244.20541015625
vgg16baseline,SHHA,test,['/mnt/bigdrive/datasets/crowd-counting/C3Data/test_data//img/172.jpg'],448,890.754609375,771.993984375
vgg16baseline,SHHA,test,['/mnt/bigdrive/datasets/crowd-counting/C3Data/test_data//img/181.jpg'],448,69.192587890625,89.7718359375
vgg16baseline,SHHA,test,['/mnt/bigdrive/datasets/crowd-counting/C3Data/test_data//img/113.jpg'],448,37.16324462890625,178.50294921875
vgg16baseline,SHHA,test,['/mnt/bigdrive/datasets/crowd-counting/C3Data/test_data//img/127.jpg'],448,461.789765625,275.38759765625
vgg16baseline,SHHA,test,['/mnt/bigdrive/datasets/crowd-counting/C3Data/test_data//img/25.jpg'],448,165.16005859375,134.446669921875
vgg16baseline,SHHA,test,['/mnt/bigdrive/datasets/crowd-counting/C3Data/test_data//img/81.jpg'],448,152.1926171875,192.52986328125
vgg16baseline,SHHA,test,['/mnt/bigdrive/datasets/crowd-counting/C3Data/test_data//img/74.jpg'],448,205.5749609375,197.8128515625
vgg16baseline,SHHA,test,['/mnt/bigdrive/datasets/crowd-counting/C3Data/test_data//img/91.jpg'],448,25.03878173828125,32.7625244140625
vgg16baseline,SHHA,test,['/mnt/bigdrive/datasets/crowd-counting/C3Data/test_data//img/110.jpg'],448,451.9926171875,296.72833984375
vgg16baseline,SHHA,test,['/mnt/bigdrive/datasets/crowd-counting/C3Data/test_data//img/98.jpg'],448,45.9197265625,50.0387890625
vgg16baseline,SHHA,test,['/mnt/bigdrive/datasets/crowd-counting/C3Data/test_data//img/133.jpg'],448,47.6851171875,54.576435546875
vgg16baseline,SHHA,test,['/mnt/bigdrive/datasets/crowd-counting/C3Data/test_data//img/169.jpg'],448,75.253095703125,110.621845703125
vgg16baseline,SHHA,test,['/mnt/bigdrive/datasets/crowd-counting/C3Data/test_data//img/178.jpg'],448,63.94884765625,56.68271484375
vgg16baseline,SHHA,test,['/mnt/bigdrive/datasets/crowd-counting/C3Data/test_data//img/130.jpg'],448,333.496953125,280.36431640625
vgg16baseline,SHHA,test,['/mnt/bigdrive/datasets/crowd-counting/C3Data/test_data//img/61.jpg'],448,51.1513720703125,43.7908837890625
vgg16baseline,SHHA,test,['/mnt/bigdrive/datasets/crowd-counting/C3Data/test_data//img/147.jpg'],448,258.22400390625,265.13767578125
vgg16baseline,SHHA,test,['/mnt/bigdrive/datasets/crowd-counting/C3Data/test_data//img/6.jpg'],448,135.641201171875,152.094619140625
vgg16baseline,SHHA,test,['/mnt/bigdrive/datasets/crowd-counting/C3Data/test_data//img/85.jpg'],448,39.77489990234375,35.7753662109375
vgg16baseline,SHHA,test,['/mnt/bigdrive/datasets/crowd-counting/C3Data/test_data//img/180.jpg'],448,210.969296875,207.04384765625
vgg16baseline,SHHA,test,['/mnt/bigdrive/datasets/crowd-counting/C3Data/test_data//img/142.jpg'],448,65.401015625,72.0372021484375
vgg16baseline,SHHA,test,['/mnt/bigdrive/datasets/crowd-counting/C3Data/test_data//img/18.jpg'],448,163.540341796875,118.82326171875
vgg16baseline,SHHA,test,['/mnt/bigdrive/datasets/crowd-counting/C3Data/test_data//img/137.jpg'],448,118.6408203125,139.233125
vgg16baseline,SHHA,test,['/mnt/bigdrive/datasets/crowd-counting/C3Data/test_data//img/53.jpg'],448,66.006728515625,114.817216796875
vgg16baseline,SHHA,test,['/mnt/bigdrive/datasets/crowd-counting/C3Data/test_data//img/5.jpg'],448,185.2390625,192.51720703125
vgg16baseline,SHHA,test,['/mnt/bigdrive/datasets/crowd-counting/C3Data/test_data//img/107.jpg'],448,123.943095703125,85.585009765625
vgg16baseline,SHHA,test,['/mnt/bigdrive/datasets/crowd-counting/C3Data/test_data//img/73.jpg'],448,83.351171875,176.3909765625
vgg16baseline,SHHA,test,['/mnt/bigdrive/datasets/crowd-counting/C3Data/test_data//img/158.jpg'],448,132.67443359375,179.070234375
vgg16baseline,SHHA,test,['/mnt/bigdrive/datasets/crowd-counting/C3Data/test_data//img/145.jpg'],448,62.390908203125,130.377861328125
vgg16baseline,SHHA,test,['/mnt/bigdrive/datasets/crowd-counting/C3Data/test_data//img/126.jpg'],448,83.597041015625,100.605712890625
vgg16baseline,SHHA,test,['/mnt/bigdrive/datasets/crowd-counting/C3Data/test_data//img/24.jpg'],448,308.26619140625,265.51443359375
vgg16baseline,SHHA,test,['/mnt/bigdrive/datasets/crowd-counting/C3Data/test_data//img/79.jpg'],448,58.9354150390625,56.3326806640625
vgg16baseline,SHHA,test,['/mnt/bigdrive/datasets/crowd-counting/C3Data/test_data//img/125.jpg'],448,79.965458984375,102.94080078125
vgg16baseline,SHHA,test,['/mnt/bigdrive/datasets/crowd-counting/C3Data/test_data//img/170.jpg'],448,124.86359375,204.44283203125
vgg16baseline,SHHA,test,['/mnt/bigdrive/datasets/crowd-counting/C3Data/test_data//img/7.jpg'],448,247.328359375,269.55052734375
vgg16baseline,SHHA,test,['/mnt/bigdrive/datasets/crowd-counting/C3Data/test_data//img/156.jpg'],448,93.170166015625,107.951904296875
vgg16baseline,SHHA,test,['/mnt/bigdrive/datasets/crowd-counting/C3Data/test_data//img/12.jpg'],448,132.87388671875,106.904482421875
vgg16baseline,SHHA,test,['/mnt/bigdrive/datasets/crowd-counting/C3Data/test_data//img/23.jpg'],448,327.5103515625,266.4884765625
vgg16baseline,SHHA,test,['/mnt/bigdrive/datasets/crowd-counting/C3Data/test_data//img/35.jpg'],448,316.84669921875,341.861640625
vgg16baseline,SHHA,test,['/mnt/bigdrive/datasets/crowd-counting/C3Data/test_data//img/105.jpg'],448,46.0572265625,43.4476904296875
vgg16baseline,SHHA,test,['/mnt/bigdrive/datasets/crowd-counting/C3Data/test_data//img/115.jpg'],448,346.46359375,262.779296875
vgg16baseline,SHHA,test,['/mnt/bigdrive/datasets/crowd-counting/C3Data/test_data//img/138.jpg'],448,85.896083984375,97.38830078125
vgg16baseline,SHHA,test,['/mnt/bigdrive/datasets/crowd-counting/C3Data/test_data//img/176.jpg'],448,72.08615234375,116.429052734375
vgg16baseline,SHHA,test,['/mnt/bigdrive/datasets/crowd-counting/C3Data/test_data//img/119.jpg'],448,81.788046875,111.509443359375
vgg16baseline,SHHA,test,['/mnt/bigdrive/datasets/crowd-counting/C3Data/test_data//img/69.jpg'],448,39.38906494140625,37.0497412109375
vgg16baseline,SHHA,test,['/mnt/bigdrive/datasets/crowd-counting/C3Data/test_data//img/160.jpg'],448,40.54057373046875,42.9179443359375
vgg16baseline,SHHA,test,['/mnt/bigdrive/datasets/crowd-counting/C3Data/test_data//img/48.jpg'],448,130.08201171875,151.648369140625
vgg16baseline,SHHA,test,['/mnt/bigdrive/datasets/crowd-counting/C3Data/test_data//img/108.jpg'],448,57.6100048828125,79.865400390625
vgg16baseline,SHHA,test,['/mnt/bigdrive/datasets/crowd-counting/C3Data/test_data//img/15.jpg'],448,69.8317529296875,80.655244140625
vgg16baseline,SHHA,test,['/mnt/bigdrive/datasets/crowd-counting/C3Data/test_data//img/32.jpg'],448,236.42408203125,207.39376953125
vgg16baseline,SHHA,test,['/mnt/bigdrive/datasets/crowd-counting/C3Data/test_data//img/128.jpg'],448,96.761376953125,104.17103515625
vgg16baseline,SHHA,test,['/mnt/bigdrive/datasets/crowd-counting/C3Data/test_data//img/17.jpg'],448,486.148671875,353.0375390625
vgg16baseline,SHHA,test,['/mnt/bigdrive/datasets/crowd-counting/C3Data/test_data//img/65.jpg'],448,106.595546875,119.255595703125
vgg16baseline,SHHA,test,['/mnt/bigdrive/datasets/crowd-counting/C3Data/test_data//img/43.jpg'],448,103.5527734375,148.22408203125
vgg16baseline,SHHA,test,['/mnt/bigdrive/datasets/crowd-counting/C3Data/test_data//img/49.jpg'],448,161.798310546875,169.3616015625
vgg16baseline,SHHA,test,['/mnt/bigdrive/datasets/crowd-counting/C3Data/test_data//img/86.jpg'],448,166.6093359375,177.2596875
vgg16baseline,SHHA,test,['/mnt/bigdrive/datasets/crowd-counting/C3Data/test_data//img/132.jpg'],448,164.739296875,208.86556640625
vgg16baseline,SHHA,test,['/mnt/bigdrive/datasets/crowd-counting/C3Data/test_data//img/33.jpg'],448,252.01173828125,217.7303125
vgg16baseline,SHHA,test,['/mnt/bigdrive/datasets/crowd-counting/C3Data/test_data//img/144.jpg'],448,84.552431640625,144.19875
vgg16baseline,SHHA,test,['/mnt/bigdrive/datasets/crowd-counting/C3Data/test_data//img/94.jpg'],448,20.97697265625,24.10972412109375
vgg16baseline,SHHA,test,['/mnt/bigdrive/datasets/crowd-counting/C3Data/test_data//img/167.jpg'],448,20.454036865234375,33.15855712890625
vgg16baseline,SHHA,test,['/mnt/bigdrive/datasets/crowd-counting/C3Data/test_data//img/56.jpg'],448,149.788193359375,149.04353515625
vgg16baseline,SHHA,test,['/mnt/bigdrive/datasets/crowd-counting/C3Data/test_data//img/116.jpg'],448,72.385869140625,145.21255859375
vgg16baseline,SHHA,test,['/mnt/bigdrive/datasets/crowd-counting/C3Data/test_data//img/97.jpg'],448,169.38125,190.55447265625
vgg16baseline,SHHA,test,['/mnt/bigdrive/datasets/crowd-counting/C3Data/test_data//img/104.jpg'],448,292.812578125,358.0118359375
vgg16baseline,SHHA,test,['/mnt/bigdrive/datasets/crowd-counting/C3Data/test_data//img/8.jpg'],448,860.361328125,397.4190234375
vgg16baseline,SHHA,test,['/mnt/bigdrive/datasets/crowd-counting/C3Data/test_data//img/163.jpg'],448,81.2298291015625,132.9323828125
vgg16baseline,SHHA,test,['/mnt/bigdrive/datasets/crowd-counting/C3Data/test_data//img/57.jpg'],448,139.994296875,172.405546875
vgg16baseline,SHHA,test,['/mnt/bigdrive/datasets/crowd-counting/C3Data/test_data//img/51.jpg'],448,84.343017578125,90.93939453125
vgg16baseline,SHHA,test,['/mnt/bigdrive/datasets/crowd-counting/C3Data/test_data//img/40.jpg'],448,108.283671875,163.12287109375
vgg16baseline,SHHA,test,['/mnt/bigdrive/datasets/crowd-counting/C3Data/test_data//img/42.jpg'],448,456.315390625,445.6492578125
vgg16baseline,SHHA,test,['/mnt/bigdrive/datasets/crowd-counting/C3Data/test_data//img/165.jpg'],448,685.071875,397.1159375
vgg16baseline,SHHA,test,['/mnt/bigdrive/datasets/crowd-counting/C3Data/test_data//img/3.jpg'],448,111.398310546875,157.556474609375
vgg16baseline,SHHA,test,['/mnt/bigdrive/datasets/crowd-counting/C3Data/test_data//img/52.jpg'],448,58.05150390625,63.163564453125
vgg16baseline,SHHA,test,['/mnt/bigdrive/datasets/crowd-counting/C3Data/test_data//img/27.jpg'],448,351.3626953125,376.8801953125
vgg16baseline,SHHA,test,['/mnt/bigdrive/datasets/crowd-counting/C3Data/test_data//img/67.jpg'],448,59.6350537109375,79.94052734375
vgg16baseline,SHHA,test,['/mnt/bigdrive/datasets/crowd-counting/C3Data/test_data//img/140.jpg'],448,21.0167431640625,25.77803955078125
vgg16baseline,SHHA,test,['/mnt/bigdrive/datasets/crowd-counting/C3Data/test_data//img/152.jpg'],448,69.3405712890625,83.954033203125
vgg16baseline,SHHA,test,['/mnt/bigdrive/datasets/crowd-counting/C3Data/test_data//img/30.jpg'],448,85.78369140625,134.295791015625
vgg16baseline,SHHA,test,['/mnt/bigdrive/datasets/crowd-counting/C3Data/test_data//img/102.jpg'],448,72.417978515625,91.58767578125
vgg16baseline,SHHA,test,['/mnt/bigdrive/datasets/crowd-counting/C3Data/test_data//img/131.jpg'],448,143.00033203125,159.885869140625
vgg16baseline,SHHA,test,['/mnt/bigdrive/datasets/crowd-counting/C3Data/test_data//img/122.jpg'],448,533.5612109375,386.3072265625
vgg16baseline,SHHA,test,['/mnt/bigdrive/datasets/crowd-counting/C3Data/test_data//img/161.jpg'],448,182.1609375,111.870263671875
vgg16baseline,SHHA,test,['/mnt/bigdrive/datasets/crowd-counting/C3Data/test_data//img/47.jpg'],448,104.42375,177.95240234375
vgg16baseline,SHHA,test,['/mnt/bigdrive/datasets/crowd-counting/C3Data/test_data//img/41.jpg'],448,130.65103515625,99.042509765625
vgg16baseline,SHHA,test,['/mnt/bigdrive/datasets/crowd-counting/C3Data/test_data//img/134.jpg'],448,46.4242724609375,44.703115234375
vgg16baseline,SHHA,test,['/mnt/bigdrive/datasets/crowd-counting/C3Data/test_data//img/179.jpg'],448,227.7491796875,189.9475
vgg16baseline,SHHA,test,['/mnt/bigdrive/datasets/crowd-counting/C3Data/test_data//img/155.jpg'],448,31.2571875,109.257548828125
vgg16baseline,SHHA,test,['/mnt/bigdrive/datasets/crowd-counting/C3Data/test_data//img/89.jpg'],448,100.9690625,103.610263671875
vgg16baseline,SHHA,test,['/mnt/bigdrive/datasets/crowd-counting/C3Data/test_data//img/168.jpg'],448,108.130224609375,151.60845703125
vgg16baseline,SHHA,test,['/mnt/bigdrive/datasets/crowd-counting/C3Data/test_data//img/2.jpg'],448,395.6790234375,446.3530859375
vgg16baseline,SHHA,test,['/mnt/bigdrive/datasets/crowd-counting/C3Data/test_data//img/68.jpg'],448,120.54748046875,142.332216796875
vgg16baseline,SHHA,test,['/mnt/bigdrive/datasets/crowd-counting/C3Data/test_data//img/174.jpg'],448,51.147236328125,99.060771484375
vgg16baseline,SHHA,test,['/mnt/bigdrive/datasets/crowd-counting/C3Data/test_data//img/29.jpg'],448,195.05861328125,135.73466796875
vgg16baseline,SHHA,test,['/mnt/bigdrive/datasets/crowd-counting/C3Data/test_data//img/44.jpg'],448,156.47001953125,142.739833984375
vgg16baseline,SHHA,test,['/mnt/bigdrive/datasets/crowd-counting/C3Data/test_data//img/141.jpg'],448,212.45583984375,187.26392578125
vgg16baseline,SHHA,test,['/mnt/bigdrive/datasets/crowd-counting/C3Data/test_data//img/10.jpg'],448,209.19576171875,222.37720703125
vgg16baseline,SHHA,test,['/mnt/bigdrive/datasets/crowd-counting/C3Data/test_data//img/80.jpg'],448,65.101357421875,91.9107421875
vgg16baseline,SHHA,test,['/mnt/bigdrive/datasets/crowd-counting/C3Data/test_data//img/100.jpg'],448,184.235546875,209.09599609375
vgg16baseline,SHHA,test,['/mnt/bigdrive/datasets/crowd-counting/C3Data/test_data//img/117.jpg'],448,425.8333203125,408.9644140625
vgg16baseline,SHHA,test,['/mnt/bigdrive/datasets/crowd-counting/C3Data/test_data//img/159.jpg'],448,58.8323779296875,103.950849609375
vgg16baseline,SHHA,test,['/mnt/bigdrive/datasets/crowd-counting/C3Data/test_data//img/151.jpg'],448,53.4708447265625,59.46759765625
vgg16baseline,SHHA,test,['/mnt/bigdrive/datasets/crowd-counting/C3Data/test_data//img/21.jpg'],448,366.717734375,306.08837890625
vgg16baseline,SHHA,test,['/mnt/bigdrive/datasets/crowd-counting/C3Data/test_data//img/77.jpg'],448,83.264267578125,94.159013671875
vgg16baseline,SHHA,test,['/mnt/bigdrive/datasets/crowd-counting/C3Data/test_data//img/36.jpg'],448,749.87234375,466.6660546875
vgg16baseline,SHHA,test,['/mnt/bigdrive/datasets/crowd-counting/C3Data/test_data//img/154.jpg'],448,251.8292578125,343.3591015625
vgg16baseline,SHHA,test,['/mnt/bigdrive/datasets/crowd-counting/C3Data/test_data//img/106.jpg'],448,503.828671875,408.5991015625
vgg16baseline,SHHA,test,['/mnt/bigdrive/datasets/crowd-counting/C3Data/test_data//img/139.jpg'],448,249.48564453125,266.0341796875
vgg16baseline,SHHA,test,['/mnt/bigdrive/datasets/crowd-counting/C3Data/test_data//img/120.jpg'],448,25.8394580078125,50.841474609375
vgg16baseline,SHHA,test,['/mnt/bigdrive/datasets/crowd-counting/C3Data/test_data//img/14.jpg'],448,347.4735546875,271.55619140625
vgg16baseline,SHHA,test,['/mnt/bigdrive/datasets/crowd-counting/C3Data/test_data//img/109.jpg'],448,117.0679296875,132.550322265625
vgg16baseline,SHHA,test,['/mnt/bigdrive/datasets/crowd-counting/C3Data/test_data//img/114.jpg'],448,58.441103515625,99.3446484375
vgg16baseline,SHHA,test,['/mnt/bigdrive/datasets/crowd-counting/C3Data/test_data//img/166.jpg'],448,55.569599609375,137.8348828125
vgg16baseline,SHHA,test,['/mnt/bigdrive/datasets/crowd-counting/C3Data/test_data//img/93.jpg'],448,74.67375,77.4423681640625
vgg16baseline,SHHA,test,['/mnt/bigdrive/datasets/crowd-counting/C3Data/test_data//img/9.jpg'],448,22.64368896484375,15.400738525390626
vgg16baseline,SHHA,test,['/mnt/bigdrive/datasets/crowd-counting/C3Data/test_data//img/58.jpg'],448,70.738955078125,73.051494140625
vgg16baseline,SHHA,test,['/mnt/bigdrive/datasets/crowd-counting/C3Data/test_data//img/148.jpg'],448,96.8275390625,139.2460546875
vgg16baseline,SHHA,test,['/mnt/bigdrive/datasets/crowd-counting/C3Data/test_data//img/13.jpg'],448,323.8603515625,301.66865234375
vgg16baseline,SHHA,test,['/mnt/bigdrive/datasets/crowd-counting/C3Data/test_data//img/121.jpg'],448,482.399140625,481.7151171875
vgg16baseline,SHHA,test,['/mnt/bigdrive/datasets/crowd-counting/C3Data/test_data//img/1.jpg'],448,118.340703125,265.76111328125
vgg16baseline,SHHA,test,['/mnt/bigdrive/datasets/crowd-counting/C3Data/test_data//img/83.jpg'],448,65.5060302734375,90.7545703125
vgg16baseline,SHHA,test,['/mnt/bigdrive/datasets/crowd-counting/C3Data/test_data//img/16.jpg'],448,121.919453125,97.56580078125
vgg16baseline,SHHA,test,['/mnt/bigdrive/datasets/crowd-counting/C3Data/test_data//img/78.jpg'],448,130.174912109375,144.206611328125
vgg16baseline,SHHA,test,['/mnt/bigdrive/datasets/crowd-counting/C3Data/test_data//img/72.jpg'],448,122.779130859375,170.9199609375
vgg16baseline,SHHA,test,['/mnt/bigdrive/datasets/crowd-counting/C3Data/test_data//img/87.jpg'],448,180.74615234375,203.501484375
vgg16baseline,SHHA,test,['/mnt/bigdrive/datasets/crowd-counting/C3Data/test_data//img/123.jpg'],448,38.55278076171875,45.686103515625
vgg16baseline,SHHA,test,['/mnt/bigdrive/datasets/crowd-counting/C3Data/test_data//img/19.jpg'],448,129.8875,140.7621484375
vgg16baseline,SHHA,test,['/mnt/bigdrive/datasets/crowd-counting/C3Data/test_data//img/63.jpg'],448,429.0251171875,332.2030859375
vgg16baseline,SHHA,test,['/mnt/bigdrive/datasets/crowd-counting/C3Data/test_data//img/38.jpg'],448,317.21353515625,276.46380859375
vgg16baseline,SHHA,test,['/mnt/bigdrive/datasets/crowd-counting/C3Data/test_data//img/143.jpg'],448,99.65822265625,90.36244140625
vgg16baseline,SHHA,test,['/mnt/bigdrive/datasets/crowd-counting/C3Data/test_data//img/92.jpg'],448,479.8523046875,683.67390625
vgg16baseline,SHHA,test,['/mnt/bigdrive/datasets/crowd-counting/C3Data/test_data//img/59.jpg'],448,246.7880859375,354.9935546875
vgg16baseline,SHHA,test,['/mnt/bigdrive/datasets/crowd-counting/C3Data/test_data//img/146.jpg'],448,237.015625,206.367109375
vgg16baseline,SHHA,test,['/mnt/bigdrive/datasets/crowd-counting/C3Data/test_data//img/90.jpg'],448,1074.399921875,755.841171875
vgg16baseline,SHHA,test,['/mnt/bigdrive/datasets/crowd-counting/C3Data/test_data//img/37.jpg'],448,151.963466796875,168.171640625
vgg16baseline,SHHA,test,['/mnt/bigdrive/datasets/crowd-counting/C3Data/test_data//img/173.jpg'],448,207.2134375,270.76080078125
vgg16baseline,SHHA,test,['/mnt/bigdrive/datasets/crowd-counting/C3Data/test_data//img/76.jpg'],448,127.93701171875,221.67796875
vgg16baseline,SHHA,test,['/mnt/bigdrive/datasets/crowd-counting/C3Data/test_data//img/101.jpg'],448,164.89716796875,318.8176171875
vgg16baseline,SHHA,test,['/mnt/bigdrive/datasets/crowd-counting/C3Data/test_data//img/62.jpg'],448,94.167060546875,105.55439453125
vgg16baseline,SHHA,test,['/mnt/bigdrive/datasets/crowd-counting/C3Data/test_data//img/150.jpg'],448,343.8958984375,292.67591796875
